Dataset,Model,Metric,Values
Cora,GCN,train_accs,"[0.9928571428571429, 1.0, 1.0, 1.0, 1.0]"
Cora,GCN,val_accs,"[0.596, 0.564, 0.498, 0.506, 0.658]"
Cora,GCN,test_accs,"[0.632, 0.574, 0.516, 0.553, 0.695]"
Cora,GIN,train_accs,"[0.95, 0.9714285714285714, 1.0, 0.9928571428571429, 1.0]"
Cora,GIN,val_accs,"[0.402, 0.344, 0.586, 0.474, 0.476]"
Cora,GIN,test_accs,"[0.439, 0.381, 0.569, 0.489, 0.49]"
Cora,GAT,train_accs,"[0.8071428571428572, 0.9, 0.9642857142857143, 0.6928571428571428, 0.7928571428571428]"
Cora,GAT,val_accs,"[0.306, 0.562, 0.668, 0.298, 0.422]"
Cora,GAT,test_accs,"[0.331, 0.54, 0.681, 0.313, 0.408]"
