Dataset,Model,Metric,Values
IMDB-BINARY,GCN,train_accs,"[0.6857142857142857, 0.6871428571428572, 0.69, 0.69, 0.69]"
IMDB-BINARY,GCN,val_accs,"[0.7533333333333333, 0.7533333333333333, 0.7466666666666667, 0.76, 0.7533333333333333]"
IMDB-BINARY,GCN,test_accs,"[0.7733333333333333, 0.7733333333333333, 0.7866666666666666, 0.8, 0.7933333333333333]"
IMDB-BINARY,GIN,train_accs,"[0.6985714285714286, 0.6942857142857143, 0.6928571428571428, 0.6985714285714286, 0.7042857142857143]"
IMDB-BINARY,GIN,val_accs,"[0.7533333333333333, 0.7666666666666667, 0.76, 0.78, 0.76]"
IMDB-BINARY,GIN,test_accs,"[0.8, 0.7933333333333333, 0.7666666666666667, 0.7666666666666667, 0.8133333333333334]"
IMDB-BINARY,GAT,train_accs,"[0.7057142857142857, 0.7028571428571428, 0.7042857142857143, 0.6871428571428572, 0.7042857142857143]"
IMDB-BINARY,GAT,val_accs,"[0.78, 0.78, 0.7866666666666666, 0.76, 0.7666666666666667]"
IMDB-BINARY,GAT,test_accs,"[0.8, 0.7933333333333333, 0.78, 0.7266666666666667, 0.7866666666666666]"
