{
    "Cora": {
        "GCN": {
            "train_accuracys": {
                "median": 0.9506596306068602,
                "std": 0.012632323960198989
            },
            "val_accuracys": {
                "median": 0.8793103448275862,
                "std": 0.010568196035923594
            },
            "test_accuracys": {
                "median": 0.85995085995086,
                "std": 0.016203181418965647
            },
            "elapsed_time": {
                "median": 13.34957504272461,
                "std": 0
            },
            "change_num_layers": {
                "train_accuracys": {
                    "medians": [
                        0.9651715039577836,
                        0.9406332453825857,
                        0.9337730870712402,
                        0.9218997361477572,
                        0.9282321899736148,
                        0.924802110817942,
                        0.920844327176781,
                        0.9200527704485488,
                        0.9110817941952507,
                        0.9145118733509234
                    ],
                    "stds": [
                        0.01313560241455628,
                        0.014205447975854466,
                        0.007660989738874732,
                        0.011240972627499186,
                        0.009887244511323952,
                        0.010336005383561142,
                        0.010214047144641851,
                        0.008283447755292264,
                        0.011980635210737807,
                        0.015029483257627936
                    ]
                },
                "val_accuracys": {
                    "medians": [
                        0.8645320197044335,
                        0.8768472906403941,
                        0.8731527093596059,
                        0.874384236453202,
                        0.8731527093596059,
                        0.8657635467980296,
                        0.8645320197044335,
                        0.8706896551724138,
                        0.8645320197044335,
                        0.874384236453202
                    ],
                    "stds": [
                        0.01392442761093849,
                        0.012268383650652493,
                        0.015530918985649702,
                        0.018848400462767475,
                        0.010510634627266952,
                        0.012951543670083644,
                        0.009046486538033005,
                        0.014151312731254398,
                        0.020274990765770114,
                        0.016757821372585274
                    ]
                },
                "test_accuracys": {
                    "medians": [
                        0.8525798525798526,
                        0.8697788697788698,
                        0.8636363636363636,
                        0.8648648648648649,
                        0.8476658476658476,
                        0.8476658476658476,
                        0.855036855036855,
                        0.8538083538083538,
                        0.8538083538083538,
                        0.8415233415233415
                    ],
                    "stds": [
                        0.01834708078879063,
                        0.012910373125719564,
                        0.013538061242217106,
                        0.01185742359903061,
                        0.015155941536404073,
                        0.014370839131095593,
                        0.016417851471536238,
                        0.020111431871922495,
                        0.01591561153877314,
                        0.02222738649218408
                    ]
                },
                "elapsed_time": {
                    "medians": [
                        121.39177632331848
                    ],
                    "stds": [
                        0
                    ]
                }
            }
        }
    }
}